Instance,LocationId,LocationNumber
starcorpvalley,957ac090-9464-4505-909a-054655cf9bdc,1102173
starcorpvalley,9d980e53-a1d0-4a84-882f-092cb50ca312,1101411
starcorpvalley,093f2b0d-845e-4b96-8f46-0c19606a5626,1102172
starcorpvalley,b08dfe21-a63f-4076-969d-0d7c0fc7c800,1101538
starcorpvalley,830920f3-3b69-48cb-ab25-113b28fe9dab,1102032
starcorpvalley,62e771cc-e45f-42cb-9ec6-13f8359465f5,1100836
starcorpvalley,d0146117-7e84-4ac0-b1c5-16dafea7c6f4,1101718
starcorpvalley,f40b0b4f-3afb-4503-aa46-18418666cdda,1101728
starcorpvalley,2907f597-cb5d-4399-8738-18ea4babb6bb,1101506
starcorpvalley,53ca07cc-83d8-4a70-b624-1ce17d18f5b7,1101997
starcorpvalley,f9018e4c-03ae-48e5-a931-256806231e4e,1101539
starcorpvalley,eff7e029-406a-48c8-8001-267522001db2,1101453
starcorpvalley,170694e8-af97-4fa8-9d2c-3102d70739fd,1102049
starcorpvalley,de16ddd7-f5af-468a-9e0f-42427b22776c,1102291
starcorpvalley,22d5fe0c-6240-47ec-a6ef-60b06bbfada2,1101877
starcorpvalley,b78f4123-6caf-4506-9947-65ce1d477345,1101497
starcorpvalley,b6c15c8a-6968-479c-b4a2-677b6e258849,1103089
starcorpvalley,0e00afe0-f492-4828-803f-6b255c54a62e,1101581
starcorpvalley,8f6b04ca-c1a4-4b19-9c57-724595863db7,1101537
starcorpvalley,2faedd2d-9552-4d71-904b-72a1cb892364,1101717
starcorpvalley,3667909f-223f-4fd8-8f6e-736a1167276e,1101601
starcorpvalley,c7654aa4-9683-4f7a-a379-7b0cc3123c6d,1100826
starcorpvalley,e5d1a19a-3150-460a-ad95-7b8f888d79a6,1100414
starcorpvalley,8015b5cb-0a56-4186-ba07-7d36ce79f6d4,1101611
starcorpvalley,22f82efc-a562-4589-8990-7d90eec8debc,1100704
starcorpvalley,e96f158f-bea0-4946-a97c-7e258641dca3,1102297
starcorpvalley,705cdd34-e377-43f1-ac29-858e19c2f6c7,1101816
starcorpvalley,8e18991a-8a9a-4cb4-8207-87b2faffe83e,1101609
starcorpvalley,b32e11df-4488-4717-a25a-8939d17719c5,1101500
starcorpvalley,00ad1dd7-91b7-401c-ac05-89f78b257619,1101524
starcorpvalley,c21ed119-9a49-47d0-9994-8cb53f6cb407,1101087
starcorpvalley,a36bf0aa-7844-4b4b-8d2e-8d15f9c1dfb0,1101756
starcorpvalley,75af4dae-6964-4ba0-af68-8d3299f23651,1103100
starcorpvalley,5bdac180-9518-4b40-aa32-904be77da5a7,1100839
starcorpvalley,d46ff97f-5d9f-4e11-84b0-91f59a40f74b,1101507
starcorpvalley,a3f7e5b6-751b-46ad-88f7-9724573db32c,1101508
starcorpvalley,61701fee-7aa8-48d0-83d6-9d7be8b9391d,1100827
starcorpvalley,1ef8d1bf-52ad-43a2-ab8e-a273e446dfa2,1101540
starcorpvalley,c0f90abf-9238-4ba6-9eda-a3f162b7dfb5,1101608
starcorpvalley,157053af-ee8a-487c-bc7c-a68892bf3189,1101078
starcorpvalley,d19e111d-2442-45d3-92c3-ab814a9c8e18,1102269
starcorpvalley,d4df254c-77fd-4791-a8ff-ab98e0659ac4,1101503
starcorpvalley,ef0c8976-cd0b-4aa3-82bb-aded15ae4108,1102163
starcorpvalley,0d13437b-ecec-4b10-abfd-af453229646a,1101874
starcorpvalley,3dfdfdac-e8cb-4aa3-9a42-b0e574b03127,1101755
starcorpvalley,47e3e723-e4ef-450d-94bd-b0f4f4aed481,1100907
starcorpvalley,dcab7e59-5adb-49ee-9e98-b994b593d567,1102412
starcorpvalley,4651476c-f9a3-49bd-b3b0-b996ce667357,1101536
starcorpvalley,56a83f88-f695-4d06-8f53-d0399fcc9176,1101584
starcorpvalley,452a0e5b-3c82-4ad5-991b-dffa2fd5bbb1,1101875
starcorpvalley,6e8179c7-1951-4e56-9c5c-e2b3df8cd9eb,1100413
starcorpvalley,5c9361e4-7f69-42cb-9306-ea9634288eff,1101488
starcorpvalley,c586020e-c0c3-4aa5-941c-ed4263cf3fab,1101968
starcorpvalley,46f7220a-3566-4525-a4e7-f22ca55a7481,1101599
starcorpvalley,40545f13-3e27-4ff8-8c87-f968a964a916,1101482
starcorpvalley,80f68e1c-631c-4848-9af9-fb641730ed6b,1100829
starcorpvalley,73a797ab-0f6e-45f1-a050-fb8a896c9e99,1101499
